user_id,visit_freq,home_dist,work_dist,CIVIC_RELIGION,CULTURE,DINING,EDUCATION,FITNESS,GROCERIES,HEALTHCARE,PARK,RETAIL,SERVICE,TOURISM,TRANSPORT
084cd8d4-91be-4239-a740-4d703da8277a,4,40988.57388366179,55.286772330572994,0,0,0,0,0,0,0,0,0,0,0,1
084cd8d4-91be-4239-a740-4d703da8277a,12,13982.44168654191,31973.66075126653,0,0,1,4,0,0,0,0,0,0,0,0
084cd8d4-91be-4239-a740-4d703da8277a,2,4791.578636197831,29.420798081774638,0,0,7,15,4,0,4,0,3,9,0,7
084cd8d4-91be-4239-a740-4d703da8277a,2,5618.226374977557,36452.48951319532,0,1,3,6,0,2,2,0,2,8,0,0
084cd8d4-91be-4239-a740-4d703da8277a,2,3283.0913569588206,1586.2491898639466,0,1,5,8,3,0,5,1,3,0,1,2
084cd8d4-91be-4239-a740-4d703da8277a,2,2199.281505784727,3382.2790910128224,5,11,110,10,25,14,41,0,74,78,3,24
084cd8d4-91be-4239-a740-4d703da8277a,3,2875.36957280465,11354.668346410432,0,0,17,15,9,1,3,0,7,34,1,10
084cd8d4-91be-4239-a740-4d703da8277a,5,2194.5776480381915,11775.266645698257,2,4,22,8,12,1,14,0,16,32,2,19
084cd8d4-91be-4239-a740-4d703da8277a,21,54.015245946297114,40978.83875984402,1,0,2,0,1,0,0,0,0,0,2,3
084cd8d4-91be-4239-a740-4d703da8277a,2,166.03742174464944,13873.757366284106,1,0,2,0,1,0,0,0,0,0,2,0
084cd8d4-91be-4239-a740-4d703da8277a,2,2336.7163815442827,11657.084364014047,0,2,4,8,5,1,4,0,3,12,3,18
084cd8d4-91be-4239-a740-4d703da8277a,4,2269.9150695793555,39707.06252949605,0,2,5,8,5,1,3,0,2,8,2,15
084cd8d4-91be-4239-a740-4d703da8277a,3,2231.6463091962837,11760.923856335916,0,3,9,8,8,1,4,0,4,19,2,13
084cd8d4-91be-4239-a740-4d703da8277a,2,2441.9149560820874,39532.43435561276,0,2,5,8,5,1,4,0,5,12,2,18
084cd8d4-91be-4239-a740-4d703da8277a,2,3501.816972125508,1581.3313403454194,0,0,19,4,3,4,3,0,7,18,1,3
084cd8d4-91be-4239-a740-4d703da8277a,2,7896.255989451521,8983.133275894796,0,0,6,4,1,1,0,0,40,27,1,1
084cd8d4-91be-4239-a740-4d703da8277a,2,2471.79174654445,16307.42199007426,2,3,28,26,16,9,14,0,31,59,2,3
1b77f881-e3a5-4937-aa4b-bda8419cbb69,2,,,1,1,5,9,5,2,0,0,6,15,0,6
1b77f881-e3a5-4937-aa4b-bda8419cbb69,5,167899.38864182457,47.74807696075753,0,0,0,0,0,0,0,0,1,1,0,0
1b77f881-e3a5-4937-aa4b-bda8419cbb69,2,167344.42628138303,1632.5690796498004,0,0,0,0,0,0,0,0,0,0,0,1
1b77f881-e3a5-4937-aa4b-bda8419cbb69,4,167443.49980799318,1540.829830631425,0,0,0,0,0,0,0,0,0,0,0,1
1b77f881-e3a5-4937-aa4b-bda8419cbb69,4,187880.23121153508,49120.5750841923,1,0,2,1,3,0,0,0,0,1,0,1
1b77f881-e3a5-4937-aa4b-bda8419cbb69,9,178476.4001032626,20387.801250304015,0,0,0,1,0,0,0,0,1,2,0,1
1b77f881-e3a5-4937-aa4b-bda8419cbb69,9,41.826328668186704,167866.09754827124,0,0,0,0,0,0,0,0,0,0,0,0
29a55739-f004-2791-5ec4-d0792d22f7b5,30,31.527920149753772,7182.131416965613,4,10,24,17,10,7,4,0,23,17,2,4
29a55739-f004-2791-5ec4-d0792d22f7b5,3,852.5519819240943,6361.443569823501,3,10,25,18,6,10,1,0,23,34,3,8
29a55739-f004-2791-5ec4-d0792d22f7b5,2,2671.5025347875826,9104.857871525737,0,1,8,6,0,3,2,0,9,11,0,7
29a55739-f004-2791-5ec4-d0792d22f7b5,2,2555.3136416758334,4631.836010306651,5,17,119,8,21,32,10,0,84,48,9,14
29a55739-f004-2791-5ec4-d0792d22f7b5,11,7187.174309343337,17.564639921737673,0,5,15,4,1,3,0,0,2,1,3,0
29a55739-f004-2791-5ec4-d0792d22f7b5,7,7151.9670117112155,90.35138795776092,0,3,11,3,0,3,0,0,0,1,2,0
29a55739-f004-2791-5ec4-d0792d22f7b5,4,7223.8223109051105,125.4407505687958,0,7,17,6,2,3,0,0,2,2,4,0
29a55739-f004-2791-5ec4-d0792d22f7b5,4,7272.677516718532,113.3087222653437,0,4,9,3,0,3,0,0,2,1,3,0
29a55739-f004-2791-5ec4-d0792d22f7b5,2,5935.4659212365195,5326.748513934454,0,0,3,0,1,0,0,2,0,0,0,1
29a55739-f004-2791-5ec4-d0792d22f7b5,3,4013.423785963474,5106.020345937847,5,11,133,30,30,14,50,0,54,126,9,17
29a55739-f004-2791-5ec4-d0792d22f7b5,2,4000.864660747849,3397.9622324320626,5,19,43,17,13,7,11,0,38,70,11,4
29a55739-f004-2791-5ec4-d0792d22f7b5,2,4673.361805935774,2734.0155048775687,4,13,81,15,17,10,5,0,39,55,19,12
2ae0928e-22e9-40ca-ad99-d306f12c433c,20,1294.8767033092786,114.98459538948927,0,1,0,5,1,0,0,0,1,2,1,0
2ae0928e-22e9-40ca-ad99-d306f12c433c,24,1408.6894502464988,24.93250504056175,0,1,0,6,1,0,0,0,1,3,1,0
2ae0928e-22e9-40ca-ad99-d306f12c433c,13,1369.7278526258758,82.22125289537112,0,1,0,3,0,0,0,0,1,2,1,0
2ae0928e-22e9-40ca-ad99-d306f12c433c,7,9823.69126023317,,0,0,0,0,0,0,0,0,0,0,0,0
2ae0928e-22e9-40ca-ad99-d306f12c433c,2,1942.7006241914717,1021.4903997476912,3,12,111,10,24,9,30,0,92,120,12,14
2ae0928e-22e9-40ca-ad99-d306f12c433c,4,1956.418303158326,781.2273137431498,2,8,34,7,8,10,11,0,31,52,6,8
2ae0928e-22e9-40ca-ad99-d306f12c433c,2,2027.677881668467,1218.0513483253567,3,10,104,9,22,4,28,0,88,109,12,15
2ae0928e-22e9-40ca-ad99-d306f12c433c,4,1800.7788693560713,1115.0552756882796,3,11,103,10,25,6,29,0,82,107,13,10
2ae0928e-22e9-40ca-ad99-d306f12c433c,4,2059.812358656694,,3,10,104,9,23,12,27,0,94,114,13,16
2ae0928e-22e9-40ca-ad99-d306f12c433c,24,556.8529803516005,1825.4107604261465,0,0,0,3,0,1,0,0,2,1,0,0
2ae0928e-22e9-40ca-ad99-d306f12c433c,7,493.5469303543844,1884.234236008653,0,0,0,4,0,2,0,0,1,3,0,0
2ae0928e-22e9-40ca-ad99-d306f12c433c,625,22.026924632326313,1423.4642285366797,1,0,2,3,0,0,1,0,5,4,1,0
2ae0928e-22e9-40ca-ad99-d306f12c433c,3,689.7723262758336,1337.926323753574,0,1,1,2,0,1,1,0,2,0,0,0
2ae0928e-22e9-40ca-ad99-d306f12c433c,7,53316.49687024297,,0,3,15,1,4,1,1,0,1,6,14,1
2ae0928e-22e9-40ca-ad99-d306f12c433c,9,446411.1941505039,447099.7692463249,0,0,3,0,0,4,0,0,0,3,3,1
31c74126-dbdc-4c0b-b896-d5467cb49c65,2,38.42662213825624,,1,0,10,0,2,1,2,0,5,13,3,5
31c74126-dbdc-4c0b-b896-d5467cb49c65,9,55.28730749174299,24753.84370189673,0,0,0,0,0,0,0,0,0,0,0,0
31c74126-dbdc-4c0b-b896-d5467cb49c65,2,450121.7023610602,460199.155265351,10,26,330,30,50,27,155,0,208,331,36,41
31c74126-dbdc-4c0b-b896-d5467cb49c65,14,460.9546352206308,,0,0,0,3,0,2,1,0,1,5,1,1
31c74126-dbdc-4c0b-b896-d5467cb49c65,3,505.2977962195747,59.83857807950452,0,0,0,3,0,2,1,0,1,4,1,2
31c74126-dbdc-4c0b-b896-d5467cb49c65,24,39.01073164098583,,0,0,0,1,0,3,2,0,0,4,1,2
31c74126-dbdc-4c0b-b896-d5467cb49c65,2,10756.676163577798,37.91234420316652,4,2,46,12,9,6,9,0,14,83,5,14
31c74126-dbdc-4c0b-b896-d5467cb49c65,2,22.336139210766774,,0,0,1,1,1,0,0,0,1,1,1,1
31c74126-dbdc-4c0b-b896-d5467cb49c65,3,225370.8067677198,233628.07665510898,0,0,0,0,0,0,0,0,5,0,0,4
31c74126-dbdc-4c0b-b896-d5467cb49c65,3,,36.07950735034313,3,1,8,11,3,3,3,0,7,9,3,8
388b160a-ee89-4854-a744-0f908ab10074,2,4231.594883885681,2806.514375811661,1,0,3,0,0,0,0,0,7,3,0,1
388b160a-ee89-4854-a744-0f908ab10074,28,35.81925983013591,1884.7171882595196,0,0,6,4,2,0,0,0,0,3,0,0
388b160a-ee89-4854-a744-0f908ab10074,3,865.1341170348217,2624.1167020667176,0,1,1,2,1,0,1,0,3,2,4,0
388b160a-ee89-4854-a744-0f908ab10074,9,1926.0719469159405,61.10114464497685,0,0,1,2,2,1,3,0,1,2,0,2
388b160a-ee89-4854-a744-0f908ab10074,12,1813.3820564166308,73.73012491771186,0,0,1,2,2,1,2,0,0,2,0,2
388b160a-ee89-4854-a744-0f908ab10074,2,1488.1014802143006,595.6022108754146,0,1,4,5,0,2,1,0,1,1,1,2
388b160a-ee89-4854-a744-0f908ab10074,3,1582.382899876068,744.6508438394923,0,1,4,9,0,2,1,0,1,1,1,5
388b160a-ee89-4854-a744-0f908ab10074,4,1581.0459143306919,934.7294541745184,0,1,1,7,0,0,1,0,1,1,1,5
388b160a-ee89-4854-a744-0f908ab10074,19,1609.693549845876,555.2429604780596,0,1,4,5,0,2,2,0,3,2,1,0
388b160a-ee89-4854-a744-0f908ab10074,4,1733.3657488314204,542.8306664164652,0,0,4,7,1,2,1,0,4,2,1,2
388b160a-ee89-4854-a744-0f908ab10074,2,1572.7743966440776,477.67507223082396,0,0,4,3,1,3,1,0,2,1,1,0
388b160a-ee89-4854-a744-0f908ab10074,2,2898.7823457554477,1033.6950381724066,0,1,4,2,2,1,2,0,2,5,2,0
388b160a-ee89-4854-a744-0f908ab10074,2,1733.8450441828954,2158.764587180249,0,0,15,4,0,9,0,0,4,16,1,0
388b160a-ee89-4854-a744-0f908ab10074,3,2781.93070316039,1003.7289063562274,0,1,2,2,2,1,2,0,2,1,3,0
388b160a-ee89-4854-a744-0f908ab10074,3,2674.3311015148925,814.7738708362704,0,1,3,2,1,2,4,0,2,1,2,0
388b160a-ee89-4854-a744-0f908ab10074,3,2786.136778927501,922.6363074234996,0,1,4,1,2,1,2,0,2,5,2,0
388b160a-ee89-4854-a744-0f908ab10074,2,21641.275931889068,21784.89181421151,0,0,5,1,0,0,1,0,3,8,0,2
428d86fe-eaf2-417a-aaee-17fe1263c561,2,1161.7155679265913,5101.6686878006285,0,2,3,4,1,3,1,0,1,2,1,2
428d86fe-eaf2-417a-aaee-17fe1263c561,26,45.60823490458283,6254.454650788182,1,0,1,1,0,0,1,0,1,0,0,4
428d86fe-eaf2-417a-aaee-17fe1263c561,2,6280.140129467014,30.22330340480147,4,4,45,12,4,3,22,0,7,34,4,23
428d86fe-eaf2-417a-aaee-17fe1263c561,2,3371.523612112127,3045.529675404661,3,1,17,9,5,4,7,0,12,20,3,7
428d86fe-eaf2-417a-aaee-17fe1263c561,3,2909.9934794100304,3388.826577884684,0,1,8,5,0,2,3,0,8,10,1,2
428d86fe-eaf2-417a-aaee-17fe1263c561,3,5209.612291295074,1819.9162219548653,19,31,397,36,67,47,147,0,268,390,42,42
428d86fe-eaf2-417a-aaee-17fe1263c561,3,13582.936047605179,7535.8195274855,0,0,0,0,0,0,0,0,0,0,0,0
428d86fe-eaf2-417a-aaee-17fe1263c561,2,6906.3714682657055,4278.589142532922,2,2,21,4,9,8,5,0,36,24,2,8
428d86fe-eaf2-417a-aaee-17fe1263c561,2,6673.412831829545,3900.3637039947503,1,0,14,2,0,4,3,0,23,17,3,7
4e361722-dad3-4f22-88d3-55171a8a9231,2,2499.447195057956,17146.71139029762,0,0,3,1,0,3,0,0,17,15,0,1
4e361722-dad3-4f22-88d3-55171a8a9231,2,3989.9599988892946,17465.702104278098,0,0,1,1,0,1,1,0,0,1,0,3
4e361722-dad3-4f22-88d3-55171a8a9231,3,10778.599166828457,8833.796272201756,0,1,3,4,0,3,0,0,1,2,1,2
4e361722-dad3-4f22-88d3-55171a8a9231,4,10517.561937973958,9074.88004826442,0,0,0,4,0,0,1,0,1,1,0,3
4e361722-dad3-4f22-88d3-55171a8a9231,6,1622.9564184348671,14.74008865870539,4,1,11,12,2,4,14,0,0,9,1,12
4e361722-dad3-4f22-88d3-55171a8a9231,9,37.7027605812444,1623.7055772696704,3,4,59,7,16,5,5,0,16,59,13,6
4e361722-dad3-4f22-88d3-55171a8a9231,2,359.23508925384454,1927.6480356970708,3,6,31,16,10,2,6,0,18,32,8,5
4e361722-dad3-4f22-88d3-55171a8a9231,11,29.59208494087859,19569.720949399867,2,0,1,1,0,0,2,0,1,1,0,0
4e361722-dad3-4f22-88d3-55171a8a9231,2,3933.8977253080684,21848.172973488206,0,0,0,0,0,0,0,0,0,0,0,0
5724ead9-d901-45f3-ace4-9c9db32e9a35,6,69001.32079346498,65566.74984097526,0,0,0,0,0,0,0,0,0,0,1,0
5724ead9-d901-45f3-ace4-9c9db32e9a35,3,6641.650604607097,8444.531174084801,0,7,70,3,7,11,13,0,98,37,7,17
5724ead9-d901-45f3-ace4-9c9db32e9a35,4,1992.5925438808156,71.01568173488837,4,1,18,7,7,3,9,0,10,29,3,5
5724ead9-d901-45f3-ace4-9c9db32e9a35,2,2057.122537191603,4925.394928112952,3,1,10,7,4,3,10,0,7,27,3,5
5724ead9-d901-45f3-ace4-9c9db32e9a35,30,17.447416170978098,40050.930683179846,0,0,4,4,1,1,0,0,4,10,1,3
5724ead9-d901-45f3-ace4-9c9db32e9a35,3,4279.942036179988,4799.710137738238,3,4,19,6,7,1,4,0,13,15,1,10
5724ead9-d901-45f3-ace4-9c9db32e9a35,12,4289.289956503227,44339.12281839356,4,4,30,12,11,4,9,0,20,18,1,12
5724ead9-d901-45f3-ace4-9c9db32e9a35,5,4662.1275787805625,396.6742883665935,0,0,18,7,7,5,5,0,13,21,2,5
5724ead9-d901-45f3-ace4-9c9db32e9a35,2,3189.7093185223844,4580.363871141655,3,3,32,5,7,7,14,0,38,26,5,6
5724ead9-d901-45f3-ace4-9c9db32e9a35,2,3148.6640575444467,1889.5360391375036,3,3,33,1,7,7,14,0,38,24,0,6
5724ead9-d901-45f3-ace4-9c9db32e9a35,2,3359.8431164610834,4612.121213923049,3,3,33,3,8,7,14,0,38,29,0,7
5724ead9-d901-45f3-ace4-9c9db32e9a35,2,762.8005761647959,2241.481048821561,0,1,17,8,8,2,6,0,5,16,0,5
5724ead9-d901-45f3-ace4-9c9db32e9a35,2,1803.7387125156934,3805.2586985635635,1,2,4,3,1,0,4,0,5,7,0,2
5724ead9-d901-45f3-ace4-9c9db32e9a35,3,1732.2977140843373,40268.76164598386,1,0,3,4,4,0,4,0,4,6,2,2
5724ead9-d901-45f3-ace4-9c9db32e9a35,2,8637.602765721356,45003.32646015578,0,5,42,8,17,4,1,0,12,29,8,7
5933214a-9e39-4208-a8a1-c058e30d765f,2,809.057540659544,44.99787639737197,0,0,8,12,3,4,2,0,12,11,1,2
5933214a-9e39-4208-a8a1-c058e30d765f,2,913.6052730186268,117.31893015184879,0,1,9,12,3,4,2,0,12,11,1,5
5933214a-9e39-4208-a8a1-c058e30d765f,2,1712.2199166202042,2590.993628893206,0,1,10,8,2,2,3,1,7,9,0,6
5933214a-9e39-4208-a8a1-c058e30d765f,6,1606.5986769611354,2418.681022138895,0,1,12,8,2,2,4,1,7,10,1,8
5933214a-9e39-4208-a8a1-c058e30d765f,15,32.48958111014398,809.5970269030262,2,5,9,9,2,3,1,0,7,22,1,4
5933214a-9e39-4208-a8a1-c058e30d765f,3,11812.29357272855,12627.044748214732,0,0,12,4,2,1,0,0,2,8,0,6
5933214a-9e39-4208-a8a1-c058e30d765f,3,4666.50771930515,5528.569284913171,27,17,463,31,52,25,117,0,231,288,43,53
673bdce6-661e-4fde-bf09-81ed87c2a7c7,2,1793.6357689322176,159921.78608500876,0,0,1,1,0,1,0,1,1,1,0,0
673bdce6-661e-4fde-bf09-81ed87c2a7c7,13,52.111873464328674,158824.13665330046,0,0,0,1,1,0,0,0,1,7,1,1
673bdce6-661e-4fde-bf09-81ed87c2a7c7,6,20174.668179920554,37.1500441597957,0,1,10,8,0,4,2,0,2,10,0,3
673bdce6-661e-4fde-bf09-81ed87c2a7c7,3,22006.99247378086,2430.0427019061026,0,0,10,2,2,10,4,0,54,32,0,6
673bdce6-661e-4fde-bf09-81ed87c2a7c7,2,15364.537243933184,153566.6710750924,2,11,38,45,21,6,9,0,21,63,11,21
673bdce6-661e-4fde-bf09-81ed87c2a7c7,8,55.41919835858889,20192.52210539713,0,0,0,0,0,0,0,0,0,0,1,0
673bdce6-661e-4fde-bf09-81ed87c2a7c7,4,65.8421785350083,20091.39039393548,0,0,0,0,0,0,0,0,0,0,1,0
673bdce6-661e-4fde-bf09-81ed87c2a7c7,2,136.58723005024342,20182.55532498352,0,0,0,0,0,0,0,0,0,0,1,0
673bdce6-661e-4fde-bf09-81ed87c2a7c7,4,185.38088972513222,20071.32523872602,0,0,0,0,0,0,0,0,0,0,1,0
673bdce6-661e-4fde-bf09-81ed87c2a7c7,2,394.3517088554871,19756.91553973342,0,0,1,0,0,0,0,0,0,0,1,1
673bdce6-661e-4fde-bf09-81ed87c2a7c7,2,10552.498462760295,26.63674863842702,0,0,1,1,7,0,0,0,0,1,0,4
673bdce6-661e-4fde-bf09-81ed87c2a7c7,4,28.135177710378628,10594.737559051428,0,0,0,0,0,0,0,0,0,0,0,0
673bdce6-661e-4fde-bf09-81ed87c2a7c7,8,48.445798136274064,6890.126830877194,1,1,24,7,3,3,1,0,3,19,2,7
673bdce6-661e-4fde-bf09-81ed87c2a7c7,9,6889.761871166363,15.593619924322617,0,0,11,3,2,3,1,0,30,12,0,9
673bdce6-661e-4fde-bf09-81ed87c2a7c7,2,2250.2409499251867,5645.587135391715,0,0,9,6,3,2,5,0,2,6,0,4
673bdce6-661e-4fde-bf09-81ed87c2a7c7,10,158796.59006300796,57.94243441852807,0,2,5,7,4,1,2,0,3,5,0,4
8b22bd85-2037-40e4-bd60-ccb9d88e6713,4,,,1,0,1,0,0,0,1,0,4,3,0,1
8b22bd85-2037-40e4-bd60-ccb9d88e6713,3,192.8583701734208,1665.2099629837016,0,0,2,1,2,0,0,0,4,5,2,0
8b22bd85-2037-40e4-bd60-ccb9d88e6713,9,52.26134754730341,1558.3954601135606,0,0,4,1,1,1,0,0,7,17,0,3
8b22bd85-2037-40e4-bd60-ccb9d88e6713,4,1514.1063433156924,850.636362090824,0,0,2,5,3,0,0,0,1,11,0,1
8b22bd85-2037-40e4-bd60-ccb9d88e6713,2,1418.9220291464144,886.0057102956271,0,0,3,5,2,0,0,0,1,9,0,1
8b22bd85-2037-40e4-bd60-ccb9d88e6713,2,1523.3515589295732,968.1437366475793,0,0,6,5,3,0,0,0,2,13,0,2
8b22bd85-2037-40e4-bd60-ccb9d88e6713,2,298371.09534164326,299493.555235097,1,0,3,3,2,2,3,0,7,15,0,8
8b22bd85-2037-40e4-bd60-ccb9d88e6713,2,1434.5804324035319,160.5599416228875,0,0,3,3,0,2,3,0,5,19,0,5
8b22bd85-2037-40e4-bd60-ccb9d88e6713,3,570.6737129017864,1024.11392014915,0,0,4,3,1,3,0,0,2,10,0,3
8b22bd85-2037-40e4-bd60-ccb9d88e6713,2,3650.528442011131,2683.858185810857,3,0,7,9,2,0,2,0,3,10,1,1
964b9ec9-2dfb-420c-afb3-d136dfc90806,3,13284.65987032313,26.128034062583005,3,1,11,8,3,7,1,0,7,10,3,16
964b9ec9-2dfb-420c-afb3-d136dfc90806,2,1885.4230779399763,75.69734481067269,0,0,5,5,2,5,2,0,0,6,0,3
964b9ec9-2dfb-420c-afb3-d136dfc90806,2,2061.2007729351376,376.3547677911928,0,0,4,2,2,4,2,0,0,9,0,3
964b9ec9-2dfb-420c-afb3-d136dfc90806,10,1784.8735964785565,14805.333924753475,0,0,5,4,2,4,2,0,0,5,0,2
964b9ec9-2dfb-420c-afb3-d136dfc90806,4,2154.2057689061226,13952.072602902084,0,0,4,0,2,4,2,0,0,8,0,3
964b9ec9-2dfb-420c-afb3-d136dfc90806,26,22.884352779482203,13298.202483059455,1,0,0,0,0,0,0,0,0,1,0,0
9652d7c2-ca3a-454d-b102-80895aea7850,3,66.49808629872584,4882.925354301939,1,1,0,2,0,0,4,0,1,3,1,0
9652d7c2-ca3a-454d-b102-80895aea7850,7,63.18221884601953,4970.016379639188,1,1,0,0,0,0,2,0,1,2,1,0
9652d7c2-ca3a-454d-b102-80895aea7850,3,425.3121441088046,4578.147011787687,1,1,1,3,0,2,1,0,0,3,2,0
9652d7c2-ca3a-454d-b102-80895aea7850,2,4849.308164544747,63.80794548412762,0,0,2,0,1,0,0,0,1,5,1,3
9652d7c2-ca3a-454d-b102-80895aea7850,2,4966.215708134036,54.48441136450663,0,0,2,0,1,0,0,0,1,5,1,3
9652d7c2-ca3a-454d-b102-80895aea7850,13,24041.16949745066,32.586383450997545,1,0,1,0,0,0,0,0,4,3,0,3
9652d7c2-ca3a-454d-b102-80895aea7850,23,50.96544623308624,23988.874480221988,0,0,0,1,0,0,0,0,0,3,0,5
9652d7c2-ca3a-454d-b102-80895aea7850,6,28795.722432479324,18.43102146054058,2,3,5,3,3,1,1,0,6,15,0,4
9652d7c2-ca3a-454d-b102-80895aea7850,2,28727.80686291001,107.4549995380635,2,3,3,3,2,1,1,0,5,15,0,3
9652d7c2-ca3a-454d-b102-80895aea7850,12,,30.036312331240875,2,3,14,13,5,8,3,0,12,30,3,12
a467532e-1d04-4e17-b28c-c69879137d5b,5,,53.072674322671546,1,0,4,6,1,3,0,0,3,10,0,7
a467532e-1d04-4e17-b28c-c69879137d5b,2,,138768.26271283557,7,13,60,29,12,3,14,0,21,56,6,6
a467532e-1d04-4e17-b28c-c69879137d5b,4,29.118317727752448,25275.469752704146,0,0,8,3,1,5,0,0,4,3,1,6
a467532e-1d04-4e17-b28c-c69879137d5b,3,,140574.4748028668,1,1,6,5,3,2,3,0,9,11,2,2
a467532e-1d04-4e17-b28c-c69879137d5b,2,5226.487877868426,22493.691203308186,0,0,3,0,0,0,0,0,0,1,1,3
a467532e-1d04-4e17-b28c-c69879137d5b,4,25235.609703958147,52.912094719739976,0,0,0,0,0,0,0,0,0,0,0,0
a467532e-1d04-4e17-b28c-c69879137d5b,11,66.4427496264838,,2,0,15,6,0,3,4,0,2,4,0,1
a467532e-1d04-4e17-b28c-c69879137d5b,251,57.29967752076139,,0,0,14,6,0,5,4,0,3,4,0,1
a467532e-1d04-4e17-b28c-c69879137d5b,8,,61563.51604602913,2,11,38,2,5,7,2,0,31,30,17,9
a467532e-1d04-4e17-b28c-c69879137d5b,5,152541.58841425832,147449.91174345426,0,3,35,5,12,1,8,0,13,23,6,4
b8b7ba9f-9a89-4382-aadc-4ff12eeeb57a,2,192.2436312981305,5237.693441183614,2,3,18,7,7,4,8,0,11,18,3,5
b8b7ba9f-9a89-4382-aadc-4ff12eeeb57a,3,559.4886611564976,5018.384941841795,3,0,16,2,5,2,4,0,5,6,1,5
b8b7ba9f-9a89-4382-aadc-4ff12eeeb57a,7,16.453751002150057,2380.806901702811,2,4,16,9,8,4,4,0,5,14,4,5
b8b7ba9f-9a89-4382-aadc-4ff12eeeb57a,2,486.93616833789997,5548.476381294301,0,2,20,2,3,1,1,0,9,19,1,5
b8b7ba9f-9a89-4382-aadc-4ff12eeeb57a,2,399.0838258456598,5622.531539773806,0,6,6,9,4,0,3,0,6,12,3,3
b8b7ba9f-9a89-4382-aadc-4ff12eeeb57a,2,5216.318806288797,76.33199928945777,11,7,76,27,19,19,30,0,43,77,0,18
b8b7ba9f-9a89-4382-aadc-4ff12eeeb57a,2,5266.332255358522,7577.124118548625,7,6,61,19,16,18,23,0,39,63,0,16
b8b7ba9f-9a89-4382-aadc-4ff12eeeb57a,4,5097.610721221091,150.74542076220933,12,8,87,30,21,21,31,0,48,86,4,19
b8b7ba9f-9a89-4382-aadc-4ff12eeeb57a,2,5003.334511075191,349.9710734330884,12,8,87,29,21,24,34,0,46,79,4,17
b8b7ba9f-9a89-4382-aadc-4ff12eeeb57a,2,3199.3055513883332,2032.369588804306,1,1,6,9,3,3,0,0,3,7,0,6
b8b7ba9f-9a89-4382-aadc-4ff12eeeb57a,2,3316.4687314263924,1878.2552822072016,1,1,14,10,5,4,1,0,3,14,1,7
b8b7ba9f-9a89-4382-aadc-4ff12eeeb57a,6,5315.338925902685,379.886205165983,8,4,58,20,18,17,21,0,42,59,0,11
b8b7ba9f-9a89-4382-aadc-4ff12eeeb57a,6,4715.536699679997,2255.5629900913923,0,3,20,12,6,3,1,0,3,14,1,1
b8b7ba9f-9a89-4382-aadc-4ff12eeeb57a,4,5701.858258247233,8899.636592131936,1,0,10,2,5,2,2,0,20,15,1,2
b8b7ba9f-9a89-4382-aadc-4ff12eeeb57a,5,5975.704621960193,1642.4857051216786,0,0,7,3,0,2,3,0,2,6,1,2
b8b7ba9f-9a89-4382-aadc-4ff12eeeb57a,8,379003.2741508481,374074.28398833814,0,0,2,0,1,0,0,0,0,0,3,3
b9189018-8839-4ec9-a189-0d19aaadaa8e,3,4219.356366096366,3347.02338737926,0,0,0,0,0,0,0,0,0,1,0,2
b9189018-8839-4ec9-a189-0d19aaadaa8e,2,13262.87224218484,11131.939461076761,0,0,0,0,0,0,0,0,0,0,0,0
b9189018-8839-4ec9-a189-0d19aaadaa8e,30,2325.2987472191403,48.80577089431269,2,6,53,16,8,10,19,0,50,93,8,7
b9189018-8839-4ec9-a189-0d19aaadaa8e,6,2438.5459109612775,76.47955911703713,2,5,55,15,8,12,24,0,52,98,7,6
b9189018-8839-4ec9-a189-0d19aaadaa8e,2,2896.479485319149,2545.8106855924834,1,0,0,4,0,0,0,0,1,3,1,4
b9189018-8839-4ec9-a189-0d19aaadaa8e,5,83.83950218605804,2387.306215785575,0,0,0,0,0,0,0,0,0,0,0,1
b9189018-8839-4ec9-a189-0d19aaadaa8e,12,39.810177745984674,2353.641565419152,0,0,0,0,0,0,0,0,0,0,0,1
b9189018-8839-4ec9-a189-0d19aaadaa8e,2,2326.5472823475675,1756.2804391955165,0,0,1,0,4,0,0,0,5,5,0,2
b9189018-8839-4ec9-a189-0d19aaadaa8e,2,1347.0465100454933,1895.4146812906959,0,0,1,3,0,1,0,0,0,3,0,7
b9189018-8839-4ec9-a189-0d19aaadaa8e,2,11.582281391884873,1618.0048122207784,1,1,1,2,0,0,0,0,0,2,0,4
b9189018-8839-4ec9-a189-0d19aaadaa8e,3,78029.84547598178,77602.88360903248,4,5,12,6,11,3,8,0,8,38,1,7
bace7217-84b3-4fe2-aa5e-c2a27dfdd8a6,2,200225.46384980076,210661.27719158735,0,0,0,0,0,0,0,0,0,0,0,0
bace7217-84b3-4fe2-aa5e-c2a27dfdd8a6,4,1660.4055575124723,272.85867433116937,6,6,99,14,15,8,28,0,49,143,9,24
bace7217-84b3-4fe2-aa5e-c2a27dfdd8a6,5,42.83109976123517,1453.2165575143542,0,0,2,1,2,2,0,0,0,5,1,3
bace7217-84b3-4fe2-aa5e-c2a27dfdd8a6,2,63411.401705441065,63820.709159405946,0,2,2,0,1,0,0,0,1,0,3,3
bace7217-84b3-4fe2-aa5e-c2a27dfdd8a6,3,46.87950665493406,10430.425604229049,2,0,11,6,3,0,2,0,4,6,2,2
bace7217-84b3-4fe2-aa5e-c2a27dfdd8a6,2,8488.83934025647,2272.3806180259917,2,34,184,36,43,24,47,1,65,151,36,14
ca4bb01c-fb8f-47ae-984f-2d6b0305b339,2,36.649148444879614,,8,9,37,38,23,5,16,0,23,59,8,15
ca4bb01c-fb8f-47ae-984f-2d6b0305b339,4,250047.85517445114,12.777360222339407,0,0,0,0,0,0,0,0,0,0,0,0
ca4bb01c-fb8f-47ae-984f-2d6b0305b339,4,136017.13998254662,122850.26012514281,0,0,0,0,0,0,0,0,0,0,0,0
ca4bb01c-fb8f-47ae-984f-2d6b0305b339,6,39.894166045124415,250031.2587572107,4,8,23,13,6,10,1,0,22,33,3,7
ca4bb01c-fb8f-47ae-984f-2d6b0305b339,12,16.532593998535653,,3,2,6,19,9,1,2,0,15,23,0,2
ca4bb01c-fb8f-47ae-984f-2d6b0305b339,2,2763.9079136617324,252198.80282458858,1,1,19,2,1,0,1,0,1,8,4,7
cd7275aa-0832-4a7c-aed4-da59922ad1bd,2,2027.7499237394093,132710.12272730184,0,1,6,7,1,1,3,0,2,4,0,2
cd7275aa-0832-4a7c-aed4-da59922ad1bd,2,732.0282649455253,3074.5450754364733,0,0,3,2,0,2,2,0,1,4,0,0
cd7275aa-0832-4a7c-aed4-da59922ad1bd,5,66.88235489050574,3740.720031678166,0,1,5,5,0,0,0,0,3,12,1,1
cd7275aa-0832-4a7c-aed4-da59922ad1bd,55,43.06765836570489,3837.869283031355,0,1,6,5,0,0,0,0,3,11,1,2
cd7275aa-0832-4a7c-aed4-da59922ad1bd,2,1601.0725888686543,5321.818371864645,3,9,41,4,6,16,16,0,35,36,1,21
cd7275aa-0832-4a7c-aed4-da59922ad1bd,4,131093.27536507315,47.51715097802955,0,0,0,0,0,0,0,0,0,0,0,0
cfbf7d6e-e784-4bf5-92f7-8db4553e4c3a,2,57.62883402650298,649.6643198601879,1,1,9,5,3,1,2,0,6,29,1,8
cfbf7d6e-e784-4bf5-92f7-8db4553e4c3a,2,1244.1162338486354,643.3217366567198,0,0,1,9,5,2,2,0,3,6,1,4
cfbf7d6e-e784-4bf5-92f7-8db4553e4c3a,2,30209.627950337504,16234.947339637147,1,1,1,0,2,0,1,0,1,1,2,3
cfbf7d6e-e784-4bf5-92f7-8db4553e4c3a,2,16099.522933899381,,0,0,2,2,0,0,2,0,1,5,0,1
cfbf7d6e-e784-4bf5-92f7-8db4553e4c3a,2,92545.45145109577,34.22544059009112,0,0,0,3,1,2,1,0,1,12,0,0
cfbf7d6e-e784-4bf5-92f7-8db4553e4c3a,2,39.96506235769604,18952.474227575483,3,7,65,20,29,8,3,0,23,57,12,6
cfbf7d6e-e784-4bf5-92f7-8db4553e4c3a,5,2512.2978108922516,16569.775855278545,0,3,35,5,12,1,8,0,13,23,6,4
cfbf7d6e-e784-4bf5-92f7-8db4553e4c3a,15,23.648635669238455,,24,55,514,25,64,61,87,0,324,298,48,44
cfbf7d6e-e784-4bf5-92f7-8db4553e4c3a,3,18946.01601353633,63.50959988438116,0,1,0,1,0,1,0,0,0,3,1,1
cfbf7d6e-e784-4bf5-92f7-8db4553e4c3a,2,12908.472616394665,,0,1,13,1,5,3,1,0,20,36,4,5
d1379215-c2cc-4890-a107-42fe453f08e3,2,879.2121352327778,2545.3003062255552,0,0,2,2,1,1,0,0,2,4,0,4
d1379215-c2cc-4890-a107-42fe453f08e3,2,1407.124988948968,2448.1992603916856,0,0,2,3,1,0,0,0,3,3,0,7
d1379215-c2cc-4890-a107-42fe453f08e3,3,6198.358110172799,3581.5320689605664,0,4,22,0,0,4,5,0,55,10,1,4
d1379215-c2cc-4890-a107-42fe453f08e3,3,5888.795090995258,486.95618534741345,0,1,4,0,0,0,1,0,10,1,0,2
d1379215-c2cc-4890-a107-42fe453f08e3,2,8687.126317360215,7089.603307677515,0,2,29,10,6,6,10,0,18,46,2,14
d1379215-c2cc-4890-a107-42fe453f08e3,4,6748.873622763957,7473.103520300256,0,0,0,0,0,0,0,0,0,0,0,2
d1379215-c2cc-4890-a107-42fe453f08e3,7,18.0302484249153,6199.856428371916,0,0,0,0,1,0,0,0,3,2,0,3
d1379215-c2cc-4890-a107-42fe453f08e3,4,11366.660939580968,10466.247927720084,0,0,0,0,0,0,0,0,0,0,0,1
d1379215-c2cc-4890-a107-42fe453f08e3,2,13474.293210896842,12676.11088279668,0,0,0,3,1,0,0,0,0,0,0,2
d1379215-c2cc-4890-a107-42fe453f08e3,2,13371.332705197392,12266.675021911842,0,0,0,0,0,0,0,0,1,0,0,2
d1379215-c2cc-4890-a107-42fe453f08e3,3,6868.379983470415,7567.558129008066,0,0,0,0,0,0,0,0,0,0,0,2
d1379215-c2cc-4890-a107-42fe453f08e3,2,3183.0071109994005,568.854836413216,11,6,76,11,15,9,48,0,41,122,10,28
d1379215-c2cc-4890-a107-42fe453f08e3,2,3262.966934343516,70.48513421432855,4,2,6,3,2,0,13,0,7,9,1,5
d1379215-c2cc-4890-a107-42fe453f08e3,4,3294.132073904863,3588.152117294609,3,1,5,2,2,0,5,0,8,7,0,4
d1379215-c2cc-4890-a107-42fe453f08e3,2,3274.9387408038474,2898.660894741922,0,0,2,1,0,0,0,0,0,2,1,4
d1379215-c2cc-4890-a107-42fe453f08e3,2,3020.9995418321378,385.8613208613696,4,2,22,6,5,3,22,0,14,31,2,13
d1379215-c2cc-4890-a107-42fe453f08e3,3,2913.1514118942628,505.1807298481629,5,1,10,6,4,0,14,0,3,34,2,7
d1379215-c2cc-4890-a107-42fe453f08e3,3,2996.826297469266,1223.7231271821731,1,1,3,1,0,0,1,0,0,1,0,5
d1379215-c2cc-4890-a107-42fe453f08e3,2,5200.648822811908,2227.302602161935,0,1,3,0,1,3,0,0,5,15,0,1
d1379215-c2cc-4890-a107-42fe453f08e3,2,5912.928991544575,3100.162925275228,0,3,5,0,4,1,1,0,14,19,0,3
d1379215-c2cc-4890-a107-42fe453f08e3,4,6014.920746783862,3207.202961576741,0,3,6,0,4,1,1,0,11,19,0,4
d1379215-c2cc-4890-a107-42fe453f08e3,4,5621.772581897006,2832.1282263531652,0,3,6,0,5,1,1,0,14,18,0,3
d1379215-c2cc-4890-a107-42fe453f08e3,2,171070.4264298939,169034.14697959152,0,1,4,5,1,0,0,0,1,7,1,6
d1379215-c2cc-4890-a107-42fe453f08e3,3,136717.60336941722,136341.6695157586,0,2,0,0,1,0,0,0,0,0,1,0
d4bd4ec9-bb92-43a9-aea9-944151e9c7b3,3,4897.908215821082,5132.773684737964,0,0,0,1,0,0,0,0,1,4,0,1
d4bd4ec9-bb92-43a9-aea9-944151e9c7b3,3,1276.151034783617,2978.245861389538,1,0,0,4,0,1,1,0,0,1,4,2
d4bd4ec9-bb92-43a9-aea9-944151e9c7b3,2,2205.5370627011876,1546.5534536948323,9,7,59,21,21,5,40,0,35,147,29,13
d4bd4ec9-bb92-43a9-aea9-944151e9c7b3,2,2127.71146452887,1598.3083486689238,13,12,100,26,29,9,40,0,68,200,43,21
d4bd4ec9-bb92-43a9-aea9-944151e9c7b3,4,1834.5886789299852,1774.3258917436222,10,15,123,22,29,11,35,0,110,178,53,27
d4bd4ec9-bb92-43a9-aea9-944151e9c7b3,55,46.455281070126176,1815.6098788215393,1,0,1,0,1,0,1,0,0,5,2,0
d4bd4ec9-bb92-43a9-aea9-944151e9c7b3,8,1791.4130038680537,378.0671000841413,1,1,5,0,2,4,0,0,18,9,1,0
d4bd4ec9-bb92-43a9-aea9-944151e9c7b3,7,1968.147489478589,198.1434184814915,1,1,6,1,1,4,0,0,15,7,0,0
d4bd4ec9-bb92-43a9-aea9-944151e9c7b3,3,1888.5788720291666,80.17816214221699,1,1,5,1,1,4,0,0,14,5,0,0
d4bd4ec9-bb92-43a9-aea9-944151e9c7b3,39,1813.5188436990209,50.9259436092673,2,2,8,0,1,4,0,0,17,6,0,1
d4bd4ec9-bb92-43a9-aea9-944151e9c7b3,2,1980.4580562253032,554.904281205084,1,1,4,1,1,4,0,0,13,13,1,0
d4bd4ec9-bb92-43a9-aea9-944151e9c7b3,2,1638.475715474766,553.4925080342574,2,1,9,4,3,4,1,0,18,6,1,5
d4bd4ec9-bb92-43a9-aea9-944151e9c7b3,2,1932.408905353228,76.28135402774487,1,1,6,1,1,4,0,0,15,4,0,0
d4bd4ec9-bb92-43a9-aea9-944151e9c7b3,11,890.1292505530345,1111.6361718352448,0,2,0,1,0,0,0,0,0,1,1,0
d4bd4ec9-bb92-43a9-aea9-944151e9c7b3,9,784.4446160430795,1223.699028314599,0,2,0,1,0,0,0,0,0,1,1,0
d4bd4ec9-bb92-43a9-aea9-944151e9c7b3,7,4925.888924828565,5661.336769654315,0,1,2,4,1,2,0,0,0,5,3,0
d4bd4ec9-bb92-43a9-aea9-944151e9c7b3,3,2849.8595753369646,1102.0371475069737,0,2,8,7,0,4,1,0,2,5,3,1
d68fdc75-e660-4363-ab1c-e72f82889086,20,24.46638250798392,20777.024858302975,0,0,0,1,0,0,0,0,1,3,0,0
d68fdc75-e660-4363-ab1c-e72f82889086,2,19325.984800432256,1859.2864137750369,0,1,15,4,7,3,1,0,27,20,0,5
d68fdc75-e660-4363-ab1c-e72f82889086,2,20789.573710259523,38.194738541637186,2,9,123,17,11,16,28,0,115,82,3,11
d68fdc75-e660-4363-ab1c-e72f82889086,2,17045.14056683805,305.80725465431294,1,6,40,17,8,8,9,0,31,55,1,8
d68fdc75-e660-4363-ab1c-e72f82889086,5,12723.02487119793,4168.838829672547,0,0,6,1,2,2,0,0,3,8,0,1
d68fdc75-e660-4363-ab1c-e72f82889086,5,5271.393113162175,16813.181327593647,1,0,27,4,6,4,8,0,20,15,0,7
d68fdc75-e660-4363-ab1c-e72f82889086,2,5248.526520343255,16906.371513169608,1,0,30,6,7,4,8,0,23,16,0,12
d68fdc75-e660-4363-ab1c-e72f82889086,2,2753.6083801522364,18940.125250510766,0,0,0,0,0,0,0,0,2,0,0,0
d68fdc75-e660-4363-ab1c-e72f82889086,3,4740.809736383995,17570.900302700855,1,0,10,6,6,3,1,0,15,18,2,7
d68fdc75-e660-4363-ab1c-e72f82889086,2,247112.8536293165,239041.894716346,0,0,1,0,0,0,0,0,0,1,3,3
d81a956f-def9-4cec-95f6-fc2728c0417b,2,,6352.408343060152,0,1,8,0,0,1,0,0,12,18,1,2
d81a956f-def9-4cec-95f6-fc2728c0417b,6,,38.8460377247808,0,0,0,0,0,0,1,0,0,1,0,3
d81a956f-def9-4cec-95f6-fc2728c0417b,2,290.20739953122353,14402.656038478684,1,3,45,15,11,17,8,0,24,53,2,16
d81a956f-def9-4cec-95f6-fc2728c0417b,25,52.7859592529234,14187.6899829153,1,4,46,18,14,15,10,0,26,57,4,17
d81a956f-def9-4cec-95f6-fc2728c0417b,2,13755.763322522811,428.05552841129366,0,1,13,0,0,2,0,0,3,6,3,6
d81a956f-def9-4cec-95f6-fc2728c0417b,5,14110.918622259385,40.65245784084422,0,2,14,0,0,2,2,0,1,8,1,5
d81a956f-def9-4cec-95f6-fc2728c0417b,9,14003.930457248905,141.91923614100537,0,2,19,0,0,2,2,0,2,10,1,5
d81a956f-def9-4cec-95f6-fc2728c0417b,5,54.17384689437975,,0,0,8,5,4,1,1,0,26,59,2,1
dce450d0-8f62-4da2-bd6a-da173b5adb66,2,11744.02432979861,833.6855870193654,0,2,5,4,0,0,2,0,3,2,1,1
dce450d0-8f62-4da2-bd6a-da173b5adb66,2,127750.39659996572,130192.58759984135,1,0,5,1,1,0,0,0,2,6,0,1
dce450d0-8f62-4da2-bd6a-da173b5adb66,2,43.921843331586516,11896.697090071595,6,13,93,28,22,15,16,0,40,48,8,14
dce450d0-8f62-4da2-bd6a-da173b5adb66,3,7283.709403535832,42.65877298031234,6,6,46,16,14,7,6,0,28,23,2,19
dce450d0-8f62-4da2-bd6a-da173b5adb66,2,1444.58284693643,11164.302851265855,9,10,76,14,26,17,35,0,58,143,2,10
dce450d0-8f62-4da2-bd6a-da173b5adb66,5,41.844251969375364,7352.525322468888,9,57,264,52,70,34,41,0,217,370,46,13
e4ff7359-e59c-42b8-ac72-71793c187b72,47,26.43792300340238,7890.131672597542,4,0,16,14,5,6,5,0,5,27,3,2
e4ff7359-e59c-42b8-ac72-71793c187b72,2,6746.395265541449,1280.249752912036,17,14,165,13,22,29,14,0,89,57,10,26
e4ff7359-e59c-42b8-ac72-71793c187b72,2,8370.504102460474,7407.963096183687,4,22,211,26,45,18,23,0,76,145,15,13
e4ff7359-e59c-42b8-ac72-71793c187b72,3,7834.312237193441,68.43107749677256,7,13,141,34,33,11,14,0,50,52,15,23
e4ff7359-e59c-42b8-ac72-71793c187b72,9,7815.232464125475,105.55019510929455,7,14,124,38,33,8,15,0,63,53,13,19
e4ff7359-e59c-42b8-ac72-71793c187b72,3,7943.347613199566,112.0710600778792,6,15,159,33,33,9,12,0,55,59,13,20
e4ff7359-e59c-42b8-ac72-71793c187b72,6,7923.430394998514,39.70476444683992,6,14,133,32,37,8,13,0,58,58,12,23
e4ff7359-e59c-42b8-ac72-71793c187b72,2,2352.3239891209114,5648.918749502278,0,3,29,2,5,7,11,0,36,17,1,5
e4ff7359-e59c-42b8-ac72-71793c187b72,4,2160.8978284671452,5844.986901047139,3,3,34,2,7,7,14,0,37,26,5,6
e4ff7359-e59c-42b8-ac72-71793c187b72,2,1177.58782727276,6695.8209882974015,1,1,29,14,7,5,4,0,6,32,0,11
e4ff7359-e59c-42b8-ac72-71793c187b72,14,,,1,1,25,8,5,5,1,0,4,21,0,8
e4ff7359-e59c-42b8-ac72-71793c187b72,2,1096.450834129479,6794.186112197072,1,1,27,12,8,5,4,0,6,27,0,10
e4ff7359-e59c-42b8-ac72-71793c187b72,2,974.530308110314,6944.841806778265,1,1,18,8,6,4,1,0,3,18,0,9
e4ff7359-e59c-42b8-ac72-71793c187b72,8,1274.2068927309494,6615.958736883336,1,1,30,17,7,4,4,0,6,32,1,13
e4ff7359-e59c-42b8-ac72-71793c187b72,8,934.7070866873131,6974.509344627721,1,1,23,4,5,5,2,0,3,16,0,7
e4ff7359-e59c-42b8-ac72-71793c187b72,8,899.5771813365235,6991.773859785006,1,1,24,5,4,5,2,0,4,19,0,7
e4ff7359-e59c-42b8-ac72-71793c187b72,3,1052.7120124710555,6867.83067024337,1,1,24,7,7,5,1,0,2,17,0,5
e4ff7359-e59c-42b8-ac72-71793c187b72,6,1013.080752790767,6884.096044913349,1,1,25,7,6,5,1,0,4,20,0,6
e4ff7359-e59c-42b8-ac72-71793c187b72,7,9900.586900485676,4531.468785513391,5,25,44,15,16,4,20,0,26,40,10,8
e6da4320-c54e-4f75-a42f-f4e483dcbd3f,2,14047.389164452608,18884.107303859695,0,0,3,0,1,0,0,0,0,0,0,1
e6da4320-c54e-4f75-a42f-f4e483dcbd3f,2,695342.2926197575,701781.2103551785,0,0,1,1,0,0,0,0,0,5,2,0
e6da4320-c54e-4f75-a42f-f4e483dcbd3f,2,13755.360627420825,10176.411488927986,1,2,16,11,10,3,10,0,6,25,3,16
e6da4320-c54e-4f75-a42f-f4e483dcbd3f,2,7458.120854250428,43.66001594433545,12,39,317,25,64,30,28,0,118,237,16,14
e6da4320-c54e-4f75-a42f-f4e483dcbd3f,4,9496.953943144115,2124.21622386104,3,12,60,10,16,8,4,0,33,43,17,18
e6da4320-c54e-4f75-a42f-f4e483dcbd3f,8,32.26672362739039,7436.42325322706,0,0,4,5,0,1,1,0,2,7,1,4
e6da4320-c54e-4f75-a42f-f4e483dcbd3f,3,6474.759199988248,2589.5886549568186,4,2,61,21,20,15,33,0,31,87,10,13
e6da4320-c54e-4f75-a42f-f4e483dcbd3f,4,6520.493396916823,2765.118037500316,4,1,18,17,9,2,20,0,7,20,3,8
e814c1d0-115c-4a8b-a1cd-a11bf469974a,5,54.72941498898568,1207.3436599905722,0,0,0,1,0,0,2,0,0,0,0,1
e814c1d0-115c-4a8b-a1cd-a11bf469974a,8,1433.5474532067287,1582.6868539979862,0,0,0,1,0,0,0,0,0,0,0,0
e814c1d0-115c-4a8b-a1cd-a11bf469974a,8,303.36298269299255,11.935520109558887,3,1,33,13,10,11,23,0,18,65,8,7
e814c1d0-115c-4a8b-a1cd-a11bf469974a,6,57.75173549514693,350.1559831490489,2,0,34,8,11,12,19,0,19,70,6,7
e814c1d0-115c-4a8b-a1cd-a11bf469974a,5,1143.2070334246052,43.17835051234711,3,1,32,11,11,11,21,0,18,66,8,7
e814c1d0-115c-4a8b-a1cd-a11bf469974a,4,62.8392777479141,229.86174043201657,3,1,35,9,11,11,21,0,19,72,8,7
e814c1d0-115c-4a8b-a1cd-a11bf469974a,2,2426.99700393245,2664.7943848728014,1,0,0,3,0,0,0,0,1,3,1,1
f6306d95-4556-419d-8213-0d07fb6c767d,2,80637.85102428713,82053.24280697056,0,1,2,0,2,0,0,0,0,0,0,0
f6306d95-4556-419d-8213-0d07fb6c767d,2,10250.176698548601,8173.664901359356,0,0,1,4,2,0,1,0,2,5,1,6
f6306d95-4556-419d-8213-0d07fb6c767d,5,7946.949317865818,5800.476849167025,3,0,12,7,5,2,2,0,2,5,0,0
f6306d95-4556-419d-8213-0d07fb6c767d,2,6508.117336385937,5037.815510491177,0,6,60,4,6,7,8,0,74,31,5,13
f6306d95-4556-419d-8213-0d07fb6c767d,29,18.01143342868605,2226.6709614863594,0,0,2,0,0,0,0,0,3,5,1,3
f6306d95-4556-419d-8213-0d07fb6c767d,2,113.36264558419926,2105.4692786234873,0,0,2,0,0,0,0,0,3,5,0,2
f6306d95-4556-419d-8213-0d07fb6c767d,5,4063.982228024775,1905.30201284929,1,1,12,5,4,0,1,0,4,6,4,3
f6306d95-4556-419d-8213-0d07fb6c767d,18,2178.598231543526,36.86609993022103,0,0,2,5,3,0,0,0,1,11,0,1
f6306d95-4556-419d-8213-0d07fb6c767d,3,2262.775485276471,91.19546392663058,0,0,6,5,3,0,0,0,2,13,0,2
