user_id,cell_id,visit_freq,home_dist_km,CIVIC_RELIGION,CULTURE,DINING,EDUCATION,FITNESS,GROCERIES,HEALTHCARE,RETAIL,SERVICE,TRANSPORT
toy_user,a,60,4.5,0,1,1,0,1,0,0,1,1,0
toy_user,b,48,2.1,0,0,0,0,0,0,1,1,0,0
toy_user,c,40,0.6,1,0,0,1,0,0,0,0,0,0
toy_user,d,30,0.7,0,0,1,0,0,1,0,0,1,0
toy_user,e,22,5.2,0,1,1,0,0,0,0,0,0,1
toy_user,f,15,0.1,0,0,0,0,0,0,0,0,1,1
toy_user,g,12,6.2,1,1,1,1,0,0,0,1,1,1
toy_user,h,9,6.9,0,0,0,0,0,0,0,0,1,0
toy_user,i,8,1.8,0,0,0,0,0,1,0,0,0,1
toy_user,j,5,0.6,0,1,0,0,0,0,0,0,0,0
toy_user,k,4,0.3,0,0,0,0,1,0,0,0,0,0
toy_user,l,2,3.1,0,0,0,0,0,0,0,0,0,1
